id:ID,label:LABEL,name,ifcType,x,y,z
0FGjhNKyP2GutkS0az2Whz,BuildingElement,319452,IfcBuildingElementProxy,35.79134501316721,-0.04149692663619042,1.23416666666652
0FGjhNKyP2GutkS0az2Why,BuildingElement,319453,IfcBuildingElementProxy,35.76117834650059,-0.041496926636189535,1.9974999999995502
3ht0E5761F1AEF6EGu7XP1,BuildingElement,Columns_Rectangular:Column1:321842,IfcColumn,29.8101783465005,-5.66578823028787,2.44
2p9dBjXmzADPhsApGjZk3F,BuildingElement,Columns_Rectangular:Column2:349115,IfcColumn,19.4071320868956,-5.683120355662259,2.44
2p9dBjXmzADPhsApGjZkTk,BuildingElement,Columns_Rectangular:Column2:349210,IfcColumn,14.265074582564003,-5.683120355662242,2.44
2p9dBjXmzADPhsApGjZkT6,BuildingElement,Columns_Rectangular:Column2:349234,IfcColumn,9.141074047302478,-5.68312035566223,2.44
2p9dBjXmzADPhsApGjZkSS,BuildingElement,Columns_Rectangular:Column2:349288,IfcColumn,3.9810740473024797,-5.683120355662211,2.44
2p9dBjXmzADPhsApGjZkSE,BuildingElement,Columns_Rectangular:Column2:349306,IfcColumn,-1.03892595269752,-5.683120355662191,2.44
2p9dBjXmzADPhsApGjZkQH,BuildingElement,Columns_Rectangular:Column1:349669,IfcColumn,35.0771783465005,-5.66578823028787,2.44
2p9dBjXmzADPhsApGjZkKv,BuildingElement,Columns_Rectangular:Column1:349773,IfcColumn,24.610178346500504,-5.665788230287859,2.44
0jQ0b5jbn7mOgnFhugSwEU,BuildingElement,Columns_Rectangular:Column2:352269,IfcColumn,-11.3195293749458,-5.683649468460559,2.44
0jQ0b5jbn7mOgnFhugSwFs,BuildingElement,Columns_Rectangular:Column2:352357,IfcColumn,-16.4787426679125,-5.66629387715722,2.44
0jQ0b5jbn7mOgnFhugSwFa,BuildingElement,Columns_Rectangular:Column2:352375,IfcColumn,-21.638717871125003,-5.6493428936697,2.44
0jQ0b5jbn7mOgnFhugSwDH,BuildingElement,Columns_Rectangular:Column2:352450,IfcColumn,-22.1187155644471,-5.64776605799644,2.44
0jQ0b5jbn7mOgnFhugSwAL,BuildingElement,Columns_Rectangular:Column2:352518,IfcColumn,-28.918682886510002,-5.62542755262533,2.44
0jQ0b5jbn7mOgnFhugSwO0,BuildingElement,Columns_Rectangular:Column3:353683,IfcColumn,-22.2528716534994,6.1996837861141705,2.74
0jQ0b5jbn7mOgnFhugSwPb,BuildingElement,Columns_Rectangular:Column3:353782,IfcColumn,-21.511621653499397,6.178128073363999,3.74
0jQ0b5jbn7mOgnFhugSwM2,BuildingElement,Columns_Rectangular:Column3:353809,IfcColumn,-16.464121653499394,6.17812807336399,3.74
0jQ0b5jbn7mOgnFhugSwMv,BuildingElement,Columns_Rectangular:Column3:353834,IfcColumn,-11.324121653499402,6.178128073363969,3.74
0jQ0b5jbn7mOgnFhugSwNF,BuildingElement,Columns_Rectangular:Column3:353884,IfcColumn,-6.204121653499421,6.1781280733639505,3.74
0jQ0b5jbn7mOgnFhugSwNf,BuildingElement,Columns_Rectangular:Column3:353914,IfcColumn,-1.0641216534994202,6.2651280733639405,2.74
0jQ0b5jbn7mOgnFhugSwIG,BuildingElement,Columns_Rectangular:Column3:354051,IfcColumn,3.92887834650058,6.20342807336392,3.5400000000000005
0jQ0b5jbn7mOgnFhugSwIS,BuildingElement,Columns_Rectangular:Column3:354063,IfcColumn,9.11587834650058,6.178128073363899,3.74
0jQ0b5jbn7mOgnFhugSwI8,BuildingElement,Columns_Rectangular:Column3:354075,IfcColumn,14.261378346500596,6.17812807336389,3.74
0jQ0b5jbn7mOgnFhugSwIw,BuildingElement,Columns_Rectangular:Column3:354089,IfcColumn,19.406378346500603,6.178128073363868,3.74
3if5novVfESe_Au42$2x5I,BuildingElement,Columns_Rectangular:Column2:354450,IfcColumn,-6.18775494256348,-5.678117683342319,2.44
3if5novVfESe_Au42$2x15,BuildingElement,Columns_Rectangular:Column4:354693,IfcColumn,24.528804753371798,6.45616486992826,2.74
1Wg7AH23jBLBf1DmtTnL5L,BuildingElement,Curtain Wall:Curtain_Wall-Storefront:445813,IfcCurtainWall,,,
1Wg7AH23jBLBf1DmtTnKd4,BuildingElement,Curtain Wall:Curtain_Wall-Storefront:447972,IfcCurtainWall,,,
1Wg7AH23jBLBf1DmtTnKgB,BuildingElement,Curtain Wall:Curtain_Wall-Storefront:448171,IfcCurtainWall,,,
1Wg7AH23jBLBf1DmtTnKk1,BuildingElement,Curtain Wall:Curtain_Wall-Storefront:448417,IfcCurtainWall,,,
2V9H2E8FD8fuBJFUErPq1X,BuildingElement,Curtain Wall:Curtain_Wall-Storefront:450558,IfcCurtainWall,,,
2V9H2E8FD8fuBJFUErPtzO,BuildingElement,Curtain Wall:Curtain_Wall-Storefront:450759,IfcCurtainWall,,,
2V9H2E8FD8fuBJFUErPtuS,BuildingElement,Curtain Wall:Curtain_Wall-Storefront:450947,IfcCurtainWall,,,
2V9H2E8FD8fuBJFUErPtsm,BuildingElement,Curtain Wall:Curtain_Wall-Storefront:451119,IfcCurtainWall,,,
1yuiwzGI5FCPxrfaANPMyB,BuildingElement,Curtain Wall:Curtain_Wall-Storefront Section sud:509398,IfcCurtainWall,,,
1yuiwzGI5FCPxrfaANPMHG,BuildingElement,Curtain Wall:Curtain_Wall-Storefront Section sud:511629,IfcCurtainWall,,,
1yuiwzGI5FCPxrfaANPMLR,BuildingElement,Curtain Wall:Curtain_Wall-Storefront Section sud 1:511878,IfcCurtainWall,,,
1yuiwzGI5FCPxrfaANPNgf,BuildingElement,Curtain Wall:Curtain_Wall-Storefront Section sud 1:512116,IfcCurtainWall,,,
3lB7ux_6X6lA8nOgr2eC7X,Door,Door_T51:Door_T51:324669,IfcDoor,31.00776267004184,-6.07383373468223,0.9347738110581277
3lB7ux_6X6lA8nOgr2eCc5,Door,Door_T34:Left:326745,IfcDoor,27.125505601287458,6.128684387429141,1.0248815165875456
3lB7ux_6X6lA8nOgr2eCb4,Door,Door_T34:Right:326808,IfcDoor,32.24208622780847,6.128684387429112,1.0248815165875458
1Wg7AH23jBLBf1DmtTnL5Q,Door,Doors_Dbl_Glass_4_ARENA2:Glass_Dbl_Door:445818,IfcDoor,-13.844116599516209,5.93905987447974,0.9551161985764753
1Wg7AH23jBLBf1DmtTnKd7,Door,Doors_Dbl_Glass_4_ARENA2:Glass_Dbl_Door:447975,IfcDoor,6.595883400483811,5.939059874479667,0.9551161985764753
1Wg7AH23jBLBf1DmtTnKgE,Door,Doors_Dbl_Glass_4_ARENA2:Glass_Dbl_Door:448174,IfcDoor,11.741383400483832,5.9390598744796455,0.9551161985764753
1Wg7AH23jBLBf1DmtTnKk4,Door,Doors_Dbl_Glass_4_ARENA2:Glass_Dbl_Door:448420,IfcDoor,16.891383400483836,5.939059874479613,0.9551161985764753
2V9H2E8FD8fuBJFUErPt_U,Door,Doors_Dbl_Glass_4_ARENA2:Glass_Dbl_Door:450561,IfcDoor,21.999407786162934,5.939059874479592,0.9551161985764753
2V9H2E8FD8fuBJFUErPtzL,Door,Doors_Dbl_Glass_4_ARENA2:Glass_Dbl_Door:450762,IfcDoor,-18.994116599516154,5.939059874479741,0.9551161985764753
2V9H2E8FD8fuBJFUErPtuP,Door,Doors_Dbl_Glass_4_ARENA2:Glass_Dbl_Door:450950,IfcDoor,-8.714116599516206,5.939059874479707,0.9551161985764753
2V9H2E8FD8fuBJFUErPtsj,Door,Doors_Dbl_Glass_4_ARENA2:Glass_Dbl_Door:451122,IfcDoor,-3.584116599516198,5.9390598744797005,0.9551161985764753
0I6g0xYhjCSReVDrs7L0vs,Door,Door_T53:Door_T53:462137,IfcDoor,-34.61927742231642,6.072650196401712,0.9332128369533264
1yuiwzGI5FCPxrfaANPMy6,Door,Doors_Dbl_Glass_4_ARENA2_INT OPENING:Glass_Dbl_Door 2_INT OPENING:509403,IfcDoor,-13.84242735795342,-6.008069193395059,0.9551161985764753
1yuiwzGI5FCPxrfaANPMHF,Door,Doors_Dbl_Glass_4_ARENA2_INT OPENING:Glass_Dbl_Door 2_INT OPENING:511634,IfcDoor,-18.93792993397523,-5.996866524248444,0.9551161985764753
1yuiwzGI5FCPxrfaANPMLM,Door,Doors_Dbl_Glass_4_ARENA2_INT OPENING:Glass_Dbl_Door 2_INT OPENING:511883,IfcDoor,-25.451161087212736,-5.98254692130522,0.9551161985764753
1yuiwzGI5FCPxrfaANPNga,Door,Doors_Dbl_Glass_4_ARENA2_INT OPENING:Glass_Dbl_Door 2_INT OPENING:512121,IfcDoor,-32.26235708776142,-5.967572230556253,0.9551161985764753
2RSbNzzRPBoAVn2mVp1PwL,Door,Door_F218:Door_F218:553575,IfcDoor,-7.776050196683217,-7.971065778765999,0.9332128369533265
2vu_tmwqX5LRNohmiBn0Z4,Door,Door_F218:Door_F218:590849,IfcDoor,-10.039526443176952,-7.971065778765999,0.9332128369533266
1Wg7AH23jBLBf1DmtTnL6m,BuildingElement,Rectangular Mullion:50x150mm:445840,IfcMember,-15.514121653499398,6.030128073363991,3.975
1Wg7AH23jBLBf1DmtTnL6n,BuildingElement,Rectangular Mullion:50x150mm:445841,IfcMember,-12.274121653499401,6.03012807336397,3.975
1Wg7AH23jBLBf1DmtTnL6p,BuildingElement,Rectangular Mullion:50x150mm:445843,IfcMember,-13.894121653499399,6.030128073363979,3.975
1Wg7AH23jBLBf1DmtTnL6q,BuildingElement,Rectangular Mullion:50x150mm:445844,IfcMember,-12.2616216534994,6.03012807336397,0.025
1Wg7AH23jBLBf1DmtTnL6t,BuildingElement,Rectangular Mullion:50x150mm:445847,IfcMember,-15.5266216534994,6.030128073363979,0.025
1Wg7AH23jBLBf1DmtTnL6u,BuildingElement,Rectangular Mullion:50x150mm:445848,IfcMember,-16.1741216534994,6.030128073363991,1.075
1Wg7AH23jBLBf1DmtTnL6v,BuildingElement,Rectangular Mullion:50x150mm:445849,IfcMember,-16.1741216534994,6.030128073363991,2.7749999999999995
1Wg7AH23jBLBf1DmtTnL6w,BuildingElement,Rectangular Mullion:50x150mm:445850,IfcMember,-16.1741216534994,6.030128073363991,3.6999999999999997
1Wg7AH23jBLBf1DmtTnL6y,BuildingElement,Rectangular Mullion:50x150mm:445852,IfcMember,-11.614121653499403,6.03012807336397,3.6999999999999997
1Wg7AH23jBLBf1DmtTnL6z,BuildingElement,Rectangular Mullion:50x150mm:445853,IfcMember,-11.614121653499403,6.03012807336397,1.075
1Wg7AH23jBLBf1DmtTnL6_,BuildingElement,Rectangular Mullion:50x150mm:445854,IfcMember,-11.614121653499403,6.03012807336397,2.7749999999999995
1Wg7AH23jBLBf1DmtTnL60,BuildingElement,Rectangular Mullion:50x150mm:445856,IfcMember,-12.274121653499401,6.03012807336397,2.1500000000000004
1Wg7AH23jBLBf1DmtTnL61,BuildingElement,Rectangular Mullion:50x150mm:445857,IfcMember,-13.894121653499399,6.030128073363979,2.1500000000000004
1Wg7AH23jBLBf1DmtTnL63,BuildingElement,Rectangular Mullion:50x150mm:445859,IfcMember,-15.514121653499398,6.030128073363991,2.1500000000000004
1Wg7AH23jBLBf1DmtTnL64,BuildingElement,Rectangular Mullion:50x150mm:445860,IfcMember,-12.274121653499401,6.03012807336397,3.4000000000000004
1Wg7AH23jBLBf1DmtTnL65,BuildingElement,Rectangular Mullion:50x150mm:445861,IfcMember,-13.894121653499399,6.030128073363979,3.4000000000000004
1Wg7AH23jBLBf1DmtTnL67,BuildingElement,Rectangular Mullion:50x150mm:445863,IfcMember,-15.514121653499398,6.030128073363991,3.4000000000000004
1Wg7AH23jBLBf1DmtTnL6C,BuildingElement,Rectangular Mullion:50x150mm:445868,IfcMember,-12.909121653499401,6.03012807336397,1.0625
1Wg7AH23jBLBf1DmtTnL6E,BuildingElement,Rectangular Mullion:50x150mm:445870,IfcMember,-14.8791216534994,6.030128073363979,1.0625
1Wg7AH23jBLBf1DmtTnL6F,BuildingElement,Rectangular Mullion:50x150mm:445871,IfcMember,-12.909121653499401,6.03012807336397,2.775
1Wg7AH23jBLBf1DmtTnL6H,BuildingElement,Rectangular Mullion:50x150mm:445873,IfcMember,-14.8791216534994,6.030128073363979,2.775
1Wg7AH23jBLBf1DmtTnKdI,BuildingElement,Rectangular Mullion:50x150mm:447986,IfcMember,4.92587834650058,6.030128073363921,3.975
1Wg7AH23jBLBf1DmtTnKdJ,BuildingElement,Rectangular Mullion:50x150mm:447987,IfcMember,8.16587834650058,6.030128073363909,3.975
1Wg7AH23jBLBf1DmtTnKdK,BuildingElement,Rectangular Mullion:50x150mm:447988,IfcMember,6.545878346500579,6.030128073363909,3.975
1Wg7AH23jBLBf1DmtTnKdL,BuildingElement,Rectangular Mullion:50x150mm:447989,IfcMember,8.17837834650058,6.030128073363899,0.025
1Wg7AH23jBLBf1DmtTnKdM,BuildingElement,Rectangular Mullion:50x150mm:447990,IfcMember,4.913378346500579,6.030128073363909,0.025
1Wg7AH23jBLBf1DmtTnKdN,BuildingElement,Rectangular Mullion:50x150mm:447991,IfcMember,4.26587834650058,6.030128073363921,1.075
1Wg7AH23jBLBf1DmtTnKdO,BuildingElement,Rectangular Mullion:50x150mm:447992,IfcMember,4.26587834650058,6.030128073363921,2.7749999999999995
1Wg7AH23jBLBf1DmtTnKdP,BuildingElement,Rectangular Mullion:50x150mm:447993,IfcMember,4.26587834650058,6.030128073363921,3.6999999999999997
1Wg7AH23jBLBf1DmtTnKdQ,BuildingElement,Rectangular Mullion:50x150mm:447994,IfcMember,8.82587834650058,6.030128073363899,3.6999999999999997
1Wg7AH23jBLBf1DmtTnKdR,BuildingElement,Rectangular Mullion:50x150mm:447995,IfcMember,8.82587834650058,6.030128073363899,1.075
1Wg7AH23jBLBf1DmtTnKdS,BuildingElement,Rectangular Mullion:50x150mm:447996,IfcMember,8.82587834650058,6.030128073363899,2.7749999999999995
1Wg7AH23jBLBf1DmtTnKdT,BuildingElement,Rectangular Mullion:50x150mm:447997,IfcMember,8.16587834650058,6.030128073363909,2.1500000000000004
1Wg7AH23jBLBf1DmtTnKdU,BuildingElement,Rectangular Mullion:50x150mm:447998,IfcMember,6.545878346500579,6.030128073363909,2.1500000000000004
1Wg7AH23jBLBf1DmtTnKdV,BuildingElement,Rectangular Mullion:50x150mm:447999,IfcMember,4.92587834650058,6.030128073363921,2.1500000000000004
1Wg7AH23jBLBf1DmtTnKeW,BuildingElement,Rectangular Mullion:50x150mm:448000,IfcMember,8.16587834650058,6.030128073363909,3.4000000000000004
1Wg7AH23jBLBf1DmtTnKeX,BuildingElement,Rectangular Mullion:50x150mm:448001,IfcMember,6.545878346500579,6.030128073363909,3.4000000000000004
1Wg7AH23jBLBf1DmtTnKeY,BuildingElement,Rectangular Mullion:50x150mm:448002,IfcMember,4.92587834650058,6.030128073363921,3.4000000000000004
1Wg7AH23jBLBf1DmtTnKeZ,BuildingElement,Rectangular Mullion:50x150mm:448003,IfcMember,7.53087834650058,6.030128073363909,1.0625
1Wg7AH23jBLBf1DmtTnKea,BuildingElement,Rectangular Mullion:50x150mm:448004,IfcMember,5.560878346500581,6.030128073363909,1.0625
1Wg7AH23jBLBf1DmtTnKeb,BuildingElement,Rectangular Mullion:50x150mm:448005,IfcMember,7.53087834650058,6.030128073363909,2.775
1Wg7AH23jBLBf1DmtTnKec,BuildingElement,Rectangular Mullion:50x150mm:448006,IfcMember,5.560878346500581,6.030128073363909,2.775
1Wg7AH23jBLBf1DmtTnKgP,BuildingElement,Rectangular Mullion:50x150mm:448185,IfcMember,10.068628346500569,6.030128073363899,3.975
1Wg7AH23jBLBf1DmtTnKgQ,BuildingElement,Rectangular Mullion:50x150mm:448186,IfcMember,13.311378346500598,6.030128073363889,3.975
1Wg7AH23jBLBf1DmtTnKgR,BuildingElement,Rectangular Mullion:50x150mm:448187,IfcMember,11.6913783465006,6.030128073363899,3.975
1Wg7AH23jBLBf1DmtTnKgS,BuildingElement,Rectangular Mullion:50x150mm:448188,IfcMember,13.323878346500603,6.030128073363889,0.025
1Wg7AH23jBLBf1DmtTnKgT,BuildingElement,Rectangular Mullion:50x150mm:448189,IfcMember,10.05612834650061,6.030128073363899,0.025
1Wg7AH23jBLBf1DmtTnKgU,BuildingElement,Rectangular Mullion:50x150mm:448190,IfcMember,9.40587834650058,6.030128073363899,1.075
1Wg7AH23jBLBf1DmtTnKgV,BuildingElement,Rectangular Mullion:50x150mm:448191,IfcMember,9.40587834650058,6.030128073363899,2.7749999999999995
1Wg7AH23jBLBf1DmtTnKhW,BuildingElement,Rectangular Mullion:50x150mm:448192,IfcMember,9.40587834650058,6.030128073363899,3.6999999999999997
1Wg7AH23jBLBf1DmtTnKhX,BuildingElement,Rectangular Mullion:50x150mm:448193,IfcMember,13.971378346500602,6.030128073363889,3.6999999999999997
1Wg7AH23jBLBf1DmtTnKhY,BuildingElement,Rectangular Mullion:50x150mm:448194,IfcMember,13.971378346500602,6.030128073363889,1.075
1Wg7AH23jBLBf1DmtTnKhZ,BuildingElement,Rectangular Mullion:50x150mm:448195,IfcMember,13.971378346500602,6.030128073363889,2.7749999999999995
1Wg7AH23jBLBf1DmtTnKha,BuildingElement,Rectangular Mullion:50x150mm:448196,IfcMember,13.311378346500598,6.030128073363889,2.1500000000000004
1Wg7AH23jBLBf1DmtTnKhb,BuildingElement,Rectangular Mullion:50x150mm:448197,IfcMember,11.6913783465006,6.030128073363899,2.1500000000000004
1Wg7AH23jBLBf1DmtTnKhc,BuildingElement,Rectangular Mullion:50x150mm:448198,IfcMember,10.068628346500569,6.030128073363899,2.1500000000000004
1Wg7AH23jBLBf1DmtTnKhd,BuildingElement,Rectangular Mullion:50x150mm:448199,IfcMember,13.311378346500598,6.030128073363889,3.4000000000000004
1Wg7AH23jBLBf1DmtTnKhe,BuildingElement,Rectangular Mullion:50x150mm:448200,IfcMember,11.6913783465006,6.030128073363899,3.4000000000000004
1Wg7AH23jBLBf1DmtTnKhf,BuildingElement,Rectangular Mullion:50x150mm:448201,IfcMember,10.068628346500569,6.030128073363899,3.4000000000000004
1Wg7AH23jBLBf1DmtTnKhg,BuildingElement,Rectangular Mullion:50x150mm:448202,IfcMember,12.676378346500599,6.030128073363889,1.0625
1Wg7AH23jBLBf1DmtTnKhh,BuildingElement,Rectangular Mullion:50x150mm:448203,IfcMember,10.706378346500598,6.030128073363899,1.0625
1Wg7AH23jBLBf1DmtTnKhi,BuildingElement,Rectangular Mullion:50x150mm:448204,IfcMember,12.676378346500599,6.030128073363889,2.775
1Wg7AH23jBLBf1DmtTnKhj,BuildingElement,Rectangular Mullion:50x150mm:448205,IfcMember,10.706378346500598,6.030128073363899,2.775
1Wg7AH23jBLBf1DmtTnKkF,BuildingElement,Rectangular Mullion:50x150mm:448431,IfcMember,15.216378346500596,6.030128073363889,3.975
1Wg7AH23jBLBf1DmtTnKkG,BuildingElement,Rectangular Mullion:50x150mm:448432,IfcMember,18.4588783465006,6.030128073363871,3.975
1Wg7AH23jBLBf1DmtTnKkH,BuildingElement,Rectangular Mullion:50x150mm:448433,IfcMember,16.8413783465006,6.03012807336388,3.975
1Wg7AH23jBLBf1DmtTnKkI,BuildingElement,Rectangular Mullion:50x150mm:448434,IfcMember,18.4713783465006,6.030128073363871,0.025
1Wg7AH23jBLBf1DmtTnKkJ,BuildingElement,Rectangular Mullion:50x150mm:448435,IfcMember,15.203878346500606,6.03012807336388,0.025
1Wg7AH23jBLBf1DmtTnKkK,BuildingElement,Rectangular Mullion:50x150mm:448436,IfcMember,14.551378346500599,6.030128073363889,1.075
1Wg7AH23jBLBf1DmtTnKkL,BuildingElement,Rectangular Mullion:50x150mm:448437,IfcMember,14.551378346500599,6.030128073363889,2.7749999999999995
1Wg7AH23jBLBf1DmtTnKkM,BuildingElement,Rectangular Mullion:50x150mm:448438,IfcMember,14.551378346500599,6.030128073363889,3.6999999999999997
1Wg7AH23jBLBf1DmtTnKkN,BuildingElement,Rectangular Mullion:50x150mm:448439,IfcMember,19.116378346500603,6.030128073363871,3.6999999999999997
1Wg7AH23jBLBf1DmtTnKkO,BuildingElement,Rectangular Mullion:50x150mm:448440,IfcMember,19.116378346500603,6.030128073363871,1.075
1Wg7AH23jBLBf1DmtTnKkP,BuildingElement,Rectangular Mullion:50x150mm:448441,IfcMember,19.116378346500603,6.030128073363871,2.7749999999999995
1Wg7AH23jBLBf1DmtTnKkQ,BuildingElement,Rectangular Mullion:50x150mm:448442,IfcMember,18.4588783465006,6.030128073363871,2.1500000000000004
1Wg7AH23jBLBf1DmtTnKkR,BuildingElement,Rectangular Mullion:50x150mm:448443,IfcMember,16.8413783465006,6.03012807336388,2.1500000000000004
1Wg7AH23jBLBf1DmtTnKkS,BuildingElement,Rectangular Mullion:50x150mm:448444,IfcMember,15.216378346500596,6.030128073363889,2.1500000000000004
1Wg7AH23jBLBf1DmtTnKkT,BuildingElement,Rectangular Mullion:50x150mm:448445,IfcMember,18.4588783465006,6.030128073363871,3.4000000000000004
1Wg7AH23jBLBf1DmtTnKkU,BuildingElement,Rectangular Mullion:50x150mm:448446,IfcMember,16.8413783465006,6.03012807336388,3.4000000000000004
1Wg7AH23jBLBf1DmtTnKkV,BuildingElement,Rectangular Mullion:50x150mm:448447,IfcMember,15.216378346500596,6.030128073363889,3.4000000000000004
1Wg7AH23jBLBf1DmtTnKlW,BuildingElement,Rectangular Mullion:50x150mm:448448,IfcMember,17.8263783465006,6.030128073363871,1.0625
1Wg7AH23jBLBf1DmtTnKlX,BuildingElement,Rectangular Mullion:50x150mm:448449,IfcMember,15.8563783465006,6.03012807336388,1.0625
1Wg7AH23jBLBf1DmtTnKlY,BuildingElement,Rectangular Mullion:50x150mm:448450,IfcMember,17.8263783465006,6.030128073363871,2.775
1Wg7AH23jBLBf1DmtTnKlZ,BuildingElement,Rectangular Mullion:50x150mm:448451,IfcMember,15.8563783465006,6.03012807336388,2.775
2V9H2E8FD8fuBJFUErPt_J,BuildingElement,Rectangular Mullion:50x150mm:450572,IfcMember,20.342878346500605,6.030128073363871,3.975
2V9H2E8FD8fuBJFUErPt_I,BuildingElement,Rectangular Mullion:50x150mm:450573,IfcMember,23.5644271178587,6.0301280733638585,3.975
2V9H2E8FD8fuBJFUErPt_H,BuildingElement,Rectangular Mullion:50x150mm:450574,IfcMember,21.949378346500605,6.030128073363871,3.975
2V9H2E8FD8fuBJFUErPt_G,BuildingElement,Rectangular Mullion:50x150mm:450575,IfcMember,23.576927117858702,6.03012807336385,0.025
2V9H2E8FD8fuBJFUErPt_F,BuildingElement,Rectangular Mullion:50x150mm:450576,IfcMember,20.330378346500602,6.030128073363871,0.025
2V9H2E8FD8fuBJFUErPt_E,BuildingElement,Rectangular Mullion:50x150mm:450577,IfcMember,19.6963783465006,6.030128073363871,1.075
2V9H2E8FD8fuBJFUErPt_D,BuildingElement,Rectangular Mullion:50x150mm:450578,IfcMember,19.6963783465006,6.030128073363871,2.7749999999999995
2V9H2E8FD8fuBJFUErPt_C,BuildingElement,Rectangular Mullion:50x150mm:450579,IfcMember,19.6963783465006,6.030128073363871,3.6999999999999997
2V9H2E8FD8fuBJFUErPt_B,BuildingElement,Rectangular Mullion:50x150mm:450580,IfcMember,24.2194271178587,6.03012807336385,3.6999999999999997
2V9H2E8FD8fuBJFUErPt_A,BuildingElement,Rectangular Mullion:50x150mm:450581,IfcMember,24.2194271178587,6.03012807336385,1.075
2V9H2E8FD8fuBJFUErPt_9,BuildingElement,Rectangular Mullion:50x150mm:450582,IfcMember,24.2194271178587,6.03012807336385,2.7749999999999995
2V9H2E8FD8fuBJFUErPt_8,BuildingElement,Rectangular Mullion:50x150mm:450583,IfcMember,23.5644271178587,6.0301280733638585,2.1500000000000004
2V9H2E8FD8fuBJFUErPt_7,BuildingElement,Rectangular Mullion:50x150mm:450584,IfcMember,21.949378346500605,6.030128073363871,2.1500000000000004
2V9H2E8FD8fuBJFUErPt_6,BuildingElement,Rectangular Mullion:50x150mm:450585,IfcMember,20.342878346500605,6.030128073363871,2.1500000000000004
2V9H2E8FD8fuBJFUErPt_5,BuildingElement,Rectangular Mullion:50x150mm:450586,IfcMember,23.5644271178587,6.0301280733638585,3.4000000000000004
2V9H2E8FD8fuBJFUErPt_4,BuildingElement,Rectangular Mullion:50x150mm:450587,IfcMember,21.949378346500605,6.030128073363871,3.4000000000000004
2V9H2E8FD8fuBJFUErPt_3,BuildingElement,Rectangular Mullion:50x150mm:450588,IfcMember,20.342878346500605,6.030128073363871,3.4000000000000004
2V9H2E8FD8fuBJFUErPt_2,BuildingElement,Rectangular Mullion:50x150mm:450589,IfcMember,22.934427117858704,6.0301280733638585,1.0625
2V9H2E8FD8fuBJFUErPt_1,BuildingElement,Rectangular Mullion:50x150mm:450590,IfcMember,20.964378346500602,6.030128073363871,1.0625
2V9H2E8FD8fuBJFUErPt_0,BuildingElement,Rectangular Mullion:50x150mm:450591,IfcMember,22.934427117858704,6.0301280733638585,2.775
2V9H2E8FD8fuBJFUErPt_$,BuildingElement,Rectangular Mullion:50x150mm:450592,IfcMember,20.964378346500602,6.030128073363871,2.775
2V9H2E8FD8fuBJFUErPtzA,BuildingElement,Rectangular Mullion:50x150mm:450773,IfcMember,-20.669121653499403,6.030128073364001,3.975
2V9H2E8FD8fuBJFUErPtz9,BuildingElement,Rectangular Mullion:50x150mm:450774,IfcMember,-17.4191216534994,6.030128073363991,3.975
2V9H2E8FD8fuBJFUErPtz8,BuildingElement,Rectangular Mullion:50x150mm:450775,IfcMember,-19.0441216534994,6.030128073364001,3.975
2V9H2E8FD8fuBJFUErPtz7,BuildingElement,Rectangular Mullion:50x150mm:450776,IfcMember,-17.406621653499393,6.030128073363991,0.025
2V9H2E8FD8fuBJFUErPtz6,BuildingElement,Rectangular Mullion:50x150mm:450777,IfcMember,-20.68162165349939,6.030128073364001,0.025
2V9H2E8FD8fuBJFUErPtz5,BuildingElement,Rectangular Mullion:50x150mm:450778,IfcMember,-21.334121653499402,6.030128073364001,1.075
2V9H2E8FD8fuBJFUErPtz4,BuildingElement,Rectangular Mullion:50x150mm:450779,IfcMember,-21.334121653499402,6.030128073364001,2.7749999999999995
2V9H2E8FD8fuBJFUErPtz3,BuildingElement,Rectangular Mullion:50x150mm:450780,IfcMember,-21.334121653499402,6.030128073364001,3.6999999999999997
2V9H2E8FD8fuBJFUErPtz2,BuildingElement,Rectangular Mullion:50x150mm:450781,IfcMember,-16.754121653499393,6.030128073363991,3.6999999999999997
2V9H2E8FD8fuBJFUErPtz1,BuildingElement,Rectangular Mullion:50x150mm:450782,IfcMember,-16.754121653499393,6.030128073363991,1.075
2V9H2E8FD8fuBJFUErPtz0,BuildingElement,Rectangular Mullion:50x150mm:450783,IfcMember,-16.754121653499393,6.030128073363991,2.7749999999999995
2V9H2E8FD8fuBJFUErPtz$,BuildingElement,Rectangular Mullion:50x150mm:450784,IfcMember,-17.4191216534994,6.030128073363991,2.1500000000000004
2V9H2E8FD8fuBJFUErPtz_,BuildingElement,Rectangular Mullion:50x150mm:450785,IfcMember,-19.0441216534994,6.030128073364001,2.1500000000000004
2V9H2E8FD8fuBJFUErPtzz,BuildingElement,Rectangular Mullion:50x150mm:450786,IfcMember,-20.669121653499403,6.030128073364001,2.1500000000000004
2V9H2E8FD8fuBJFUErPtzy,BuildingElement,Rectangular Mullion:50x150mm:450787,IfcMember,-17.4191216534994,6.030128073363991,3.4000000000000004
2V9H2E8FD8fuBJFUErPtzx,BuildingElement,Rectangular Mullion:50x150mm:450788,IfcMember,-19.0441216534994,6.030128073364001,3.4000000000000004
2V9H2E8FD8fuBJFUErPtzw,BuildingElement,Rectangular Mullion:50x150mm:450789,IfcMember,-20.669121653499403,6.030128073364001,3.4000000000000004
2V9H2E8FD8fuBJFUErPtzv,BuildingElement,Rectangular Mullion:50x150mm:450790,IfcMember,-18.0591216534994,6.030128073363991,1.0625
2V9H2E8FD8fuBJFUErPtzu,BuildingElement,Rectangular Mullion:50x150mm:450791,IfcMember,-20.0291216534994,6.030128073364001,1.0625
2V9H2E8FD8fuBJFUErPtzt,BuildingElement,Rectangular Mullion:50x150mm:450792,IfcMember,-18.0591216534994,6.030128073363991,2.775
2V9H2E8FD8fuBJFUErPtzs,BuildingElement,Rectangular Mullion:50x150mm:450793,IfcMember,-20.0291216534994,6.030128073364001,2.775
2V9H2E8FD8fuBJFUErPtuE,BuildingElement,Rectangular Mullion:50x150mm:450961,IfcMember,-10.3791216534994,6.03012807336397,3.975
2V9H2E8FD8fuBJFUErPtuD,BuildingElement,Rectangular Mullion:50x150mm:450962,IfcMember,-7.14912165349942,6.030128073363959,3.975
2V9H2E8FD8fuBJFUErPtuC,BuildingElement,Rectangular Mullion:50x150mm:450963,IfcMember,-8.764121653499421,6.030128073363959,3.975
2V9H2E8FD8fuBJFUErPtuB,BuildingElement,Rectangular Mullion:50x150mm:450964,IfcMember,-7.13662165349942,6.030128073363951,0.025
2V9H2E8FD8fuBJFUErPtuA,BuildingElement,Rectangular Mullion:50x150mm:450965,IfcMember,-10.39162165349942,6.030128073363959,0.025
2V9H2E8FD8fuBJFUErPtu9,BuildingElement,Rectangular Mullion:50x150mm:450966,IfcMember,-11.034121653499401,6.03012807336397,1.075
2V9H2E8FD8fuBJFUErPtu8,BuildingElement,Rectangular Mullion:50x150mm:450967,IfcMember,-11.034121653499401,6.03012807336397,2.7749999999999995
2V9H2E8FD8fuBJFUErPtu7,BuildingElement,Rectangular Mullion:50x150mm:450968,IfcMember,-11.034121653499401,6.03012807336397,3.6999999999999997
2V9H2E8FD8fuBJFUErPtu6,BuildingElement,Rectangular Mullion:50x150mm:450969,IfcMember,-6.494121653499421,6.030128073363951,3.6999999999999997
2V9H2E8FD8fuBJFUErPtu5,BuildingElement,Rectangular Mullion:50x150mm:450970,IfcMember,-6.494121653499421,6.030128073363951,1.075
2V9H2E8FD8fuBJFUErPtu4,BuildingElement,Rectangular Mullion:50x150mm:450971,IfcMember,-6.494121653499421,6.030128073363951,2.7749999999999995
2V9H2E8FD8fuBJFUErPtu3,BuildingElement,Rectangular Mullion:50x150mm:450972,IfcMember,-7.14912165349942,6.030128073363959,2.1500000000000004
2V9H2E8FD8fuBJFUErPtu2,BuildingElement,Rectangular Mullion:50x150mm:450973,IfcMember,-8.764121653499421,6.030128073363959,2.1500000000000004
2V9H2E8FD8fuBJFUErPtu1,BuildingElement,Rectangular Mullion:50x150mm:450974,IfcMember,-10.3791216534994,6.03012807336397,2.1500000000000004
2V9H2E8FD8fuBJFUErPtu0,BuildingElement,Rectangular Mullion:50x150mm:450975,IfcMember,-7.14912165349942,6.030128073363959,3.4000000000000004
2V9H2E8FD8fuBJFUErPtu$,BuildingElement,Rectangular Mullion:50x150mm:450976,IfcMember,-8.764121653499421,6.030128073363959,3.4000000000000004
2V9H2E8FD8fuBJFUErPtu_,BuildingElement,Rectangular Mullion:50x150mm:450977,IfcMember,-10.3791216534994,6.03012807336397,3.4000000000000004
2V9H2E8FD8fuBJFUErPtuz,BuildingElement,Rectangular Mullion:50x150mm:450978,IfcMember,-7.779121653499421,6.030128073363959,1.0625
2V9H2E8FD8fuBJFUErPtuy,BuildingElement,Rectangular Mullion:50x150mm:450979,IfcMember,-9.74912165349942,6.030128073363959,1.0625
2V9H2E8FD8fuBJFUErPtux,BuildingElement,Rectangular Mullion:50x150mm:450980,IfcMember,-7.779121653499421,6.030128073363959,2.775
2V9H2E8FD8fuBJFUErPtuw,BuildingElement,Rectangular Mullion:50x150mm:450981,IfcMember,-9.74912165349942,6.030128073363959,2.775
2V9H2E8FD8fuBJFUErPtsY,BuildingElement,Rectangular Mullion:50x150mm:451133,IfcMember,-5.2541216534994195,6.030128073363951,3.975
2V9H2E8FD8fuBJFUErPtsX,BuildingElement,Rectangular Mullion:50x150mm:451134,IfcMember,-2.01412165349942,6.030128073363941,3.975
2V9H2E8FD8fuBJFUErPtsW,BuildingElement,Rectangular Mullion:50x150mm:451135,IfcMember,-3.6341216534994203,6.030128073363951,3.975
2V9H2E8FD8fuBJFUErPttV,BuildingElement,Rectangular Mullion:50x150mm:451136,IfcMember,-2.00162165349942,6.030128073363941,0.025
2V9H2E8FD8fuBJFUErPttU,BuildingElement,Rectangular Mullion:50x150mm:451137,IfcMember,-5.266621653499421,6.030128073363951,0.025
2V9H2E8FD8fuBJFUErPttT,BuildingElement,Rectangular Mullion:50x150mm:451138,IfcMember,-5.91412165349942,6.030128073363951,1.075
2V9H2E8FD8fuBJFUErPttS,BuildingElement,Rectangular Mullion:50x150mm:451139,IfcMember,-5.91412165349942,6.030128073363951,2.7749999999999995
2V9H2E8FD8fuBJFUErPttR,BuildingElement,Rectangular Mullion:50x150mm:451140,IfcMember,-5.91412165349942,6.030128073363951,3.6999999999999997
2V9H2E8FD8fuBJFUErPttQ,BuildingElement,Rectangular Mullion:50x150mm:451141,IfcMember,-1.3541216534994203,6.030128073363941,3.6999999999999997
2V9H2E8FD8fuBJFUErPttP,BuildingElement,Rectangular Mullion:50x150mm:451142,IfcMember,-1.3541216534994203,6.030128073363941,1.075
2V9H2E8FD8fuBJFUErPttO,BuildingElement,Rectangular Mullion:50x150mm:451143,IfcMember,-1.3541216534994203,6.030128073363941,2.7749999999999995
2V9H2E8FD8fuBJFUErPttN,BuildingElement,Rectangular Mullion:50x150mm:451144,IfcMember,-2.01412165349942,6.030128073363941,2.1500000000000004
2V9H2E8FD8fuBJFUErPttM,BuildingElement,Rectangular Mullion:50x150mm:451145,IfcMember,-3.6341216534994203,6.030128073363951,2.1500000000000004
2V9H2E8FD8fuBJFUErPttL,BuildingElement,Rectangular Mullion:50x150mm:451146,IfcMember,-5.2541216534994195,6.030128073363951,2.1500000000000004
2V9H2E8FD8fuBJFUErPttK,BuildingElement,Rectangular Mullion:50x150mm:451147,IfcMember,-2.01412165349942,6.030128073363941,3.4000000000000004
2V9H2E8FD8fuBJFUErPttJ,BuildingElement,Rectangular Mullion:50x150mm:451148,IfcMember,-3.6341216534994203,6.030128073363951,3.4000000000000004
2V9H2E8FD8fuBJFUErPttI,BuildingElement,Rectangular Mullion:50x150mm:451149,IfcMember,-5.2541216534994195,6.030128073363951,3.4000000000000004
2V9H2E8FD8fuBJFUErPttH,BuildingElement,Rectangular Mullion:50x150mm:451150,IfcMember,-2.64912165349942,6.030128073363941,1.0625
2V9H2E8FD8fuBJFUErPttG,BuildingElement,Rectangular Mullion:50x150mm:451151,IfcMember,-4.619121653499419,6.030128073363951,1.0625
2V9H2E8FD8fuBJFUErPttF,BuildingElement,Rectangular Mullion:50x150mm:451152,IfcMember,-2.64912165349942,6.030128073363941,2.775
2V9H2E8FD8fuBJFUErPttE,BuildingElement,Rectangular Mullion:50x150mm:451153,IfcMember,-4.619121653499419,6.030128073363951,2.775
1yuiwzGI5FCPxrfaANPMyp,BuildingElement,Rectangular Mullion:50x150mm:509422,IfcMember,-12.332607351786,-6.1025665972142615,4.8549999999999995
1yuiwzGI5FCPxrfaANPMyo,BuildingElement,Rectangular Mullion:50x150mm:509423,IfcMember,-15.452135805420605,-6.09570818734438,4.8549999999999995
1yuiwzGI5FCPxrfaANPMyj,BuildingElement,Rectangular Mullion:50x150mm:509424,IfcMember,-13.892371578603306,-6.099137392279322,4.8549999999999995
1yuiwzGI5FCPxrfaANPMyi,BuildingElement,Rectangular Mullion:50x150mm:509425,IfcMember,-15.464635775210828,-6.095680705653649,0.025
1yuiwzGI5FCPxrfaANPMyk,BuildingElement,Rectangular Mullion:50x150mm:509427,IfcMember,-12.320107381995731,-6.102594078904991,0.025
1yuiwzGI5FCPxrfaANPMyf,BuildingElement,Rectangular Mullion:50x150mm:509428,IfcMember,-11.70010888040036,-6.103957170765133,1.075
1yuiwzGI5FCPxrfaANPMye,BuildingElement,Rectangular Mullion:50x150mm:509429,IfcMember,-11.70010888040036,-6.103957170765133,3.5149999999999992
1yuiwzGI5FCPxrfaANPMyb,BuildingElement,Rectangular Mullion:50x150mm:509432,IfcMember,-16.084634276806238,-6.094317613793507,3.5149999999999997
1yuiwzGI5FCPxrfaANPMya,BuildingElement,Rectangular Mullion:50x150mm:509433,IfcMember,-16.084634276806238,-6.094317613793507,1.075
1yuiwzGI5FCPxrfaANPMyX,BuildingElement,Rectangular Mullion:50x150mm:509436,IfcMember,-15.452135805420605,-6.09570818734438,2.1500000000000004
1yuiwzGI5FCPxrfaANPMyW,BuildingElement,Rectangular Mullion:50x150mm:509437,IfcMember,-13.892371578603306,-6.099137392279322,2.1500000000000004
1yuiwzGI5FCPxrfaANPMyZ,BuildingElement,Rectangular Mullion:50x150mm:509438,IfcMember,-12.332607351786,-6.1025665972142615,2.1500000000000004
1yuiwzGI5FCPxrfaANPMpO,BuildingElement,Rectangular Mullion:50x150mm:509445,IfcMember,-14.844637273615401,-6.097043797513799,1.0625
1yuiwzGI5FCPxrfaANPMpR,BuildingElement,Rectangular Mullion:50x150mm:509446,IfcMember,-12.940105883591201,-6.10123098704484,1.0625
1yuiwzGI5FCPxrfaANPMpQ,BuildingElement,Rectangular Mullion:50x150mm:509447,IfcMember,-14.844637273615401,-6.097043797513799,3.5025000000000004
1yuiwzGI5FCPxrfaANPMpL,BuildingElement,Rectangular Mullion:50x150mm:509448,IfcMember,-12.940105883591201,-6.10123098704484,3.5025000000000004
1yuiwzGI5FCPxrfaANPMHu,BuildingElement,Rectangular Mullion:50x150mm:511653,IfcMember,-17.452630970649054,-6.091310017560089,4.8549999999999995
1yuiwzGI5FCPxrfaANPMHx,BuildingElement,Rectangular Mullion:50x150mm:511654,IfcMember,-20.52311733860115,-6.084559428705298,4.8549999999999995
1yuiwzGI5FCPxrfaANPMHw,BuildingElement,Rectangular Mullion:50x150mm:511655,IfcMember,-18.987895256677504,-6.087934676738982,4.8549999999999995
1yuiwzGI5FCPxrfaANPMHr,BuildingElement,Rectangular Mullion:50x150mm:511656,IfcMember,-20.535617308391377,-6.084531947014573,0.025
1yuiwzGI5FCPxrfaANPMHt,BuildingElement,Rectangular Mullion:50x150mm:511658,IfcMember,-17.44013100085888,-6.0913374992508125,0.025
1yuiwzGI5FCPxrfaANPMHs,BuildingElement,Rectangular Mullion:50x150mm:511659,IfcMember,-16.84463244005226,-6.092646726997132,1.075
1yuiwzGI5FCPxrfaANPMHn,BuildingElement,Rectangular Mullion:50x150mm:511660,IfcMember,-16.84463244005226,-6.092646726997132,3.5149999999999992
1yuiwzGI5FCPxrfaANPMHo,BuildingElement,Rectangular Mullion:50x150mm:511663,IfcMember,-21.13111586919804,-6.083222719268257,3.5149999999999997
1yuiwzGI5FCPxrfaANPMHj,BuildingElement,Rectangular Mullion:50x150mm:511664,IfcMember,-21.13111586919804,-6.083222719268257,1.075
1yuiwzGI5FCPxrfaANPMHk,BuildingElement,Rectangular Mullion:50x150mm:511667,IfcMember,-20.52311733860115,-6.084559428705298,2.1500000000000004
1yuiwzGI5FCPxrfaANPMHf,BuildingElement,Rectangular Mullion:50x150mm:511668,IfcMember,-18.987895256677504,-6.087934676738982,2.1500000000000004
1yuiwzGI5FCPxrfaANPMHe,BuildingElement,Rectangular Mullion:50x150mm:511669,IfcMember,-17.452630970649054,-6.091310017560089,2.1500000000000004
1yuiwzGI5FCPxrfaANPMHX,BuildingElement,Rectangular Mullion:50x150mm:511676,IfcMember,-19.940118747584794,-6.085841174760889,1.0625
1yuiwzGI5FCPxrfaANPMHW,BuildingElement,Rectangular Mullion:50x150mm:511677,IfcMember,-18.0356295616654,-6.0900282715045,1.0625
1yuiwzGI5FCPxrfaANPMHZ,BuildingElement,Rectangular Mullion:50x150mm:511678,IfcMember,-19.940118747584794,-6.085841174760889,3.5025000000000004
1yuiwzGI5FCPxrfaANPMHY,BuildingElement,Rectangular Mullion:50x150mm:511679,IfcMember,-18.0356295616654,-6.0900282715045,3.5025000000000004
1yuiwzGI5FCPxrfaANPML_,BuildingElement,Rectangular Mullion:50x150mm:511907,IfcMember,-23.64360979703437,-6.0776988994317644,4.8549999999999995
1yuiwzGI5FCPxrfaANPMLv,BuildingElement,Rectangular Mullion:50x150mm:511908,IfcMember,-27.358600818690864,-6.069531340947165,4.8549999999999995
1yuiwzGI5FCPxrfaANPMLu,BuildingElement,Rectangular Mullion:50x150mm:511909,IfcMember,-25.501105307862588,-6.073615120189466,4.8549999999999995
1yuiwzGI5FCPxrfaANPMLw,BuildingElement,Rectangular Mullion:50x150mm:511911,IfcMember,-27.371100788481066,-6.069503859256436,0.025
1yuiwzGI5FCPxrfaANPMLq,BuildingElement,Rectangular Mullion:50x150mm:511913,IfcMember,-23.63110982724406,-6.0777263811224955,0.025
1yuiwzGI5FCPxrfaANPMLs,BuildingElement,Rectangular Mullion:50x150mm:511915,IfcMember,-22.73111200234746,-6.079705062854972,1.075
1yuiwzGI5FCPxrfaANPMLn,BuildingElement,Rectangular Mullion:50x150mm:511916,IfcMember,-22.73111200234746,-6.079705062854972,3.5149999999999992
1yuiwzGI5FCPxrfaANPMLo,BuildingElement,Rectangular Mullion:50x150mm:511919,IfcMember,-28.271098613377642,-6.067525177523968,3.5149999999999997
1yuiwzGI5FCPxrfaANPMLj,BuildingElement,Rectangular Mullion:50x150mm:511920,IfcMember,-28.271098613377642,-6.067525177523968,1.075
1yuiwzGI5FCPxrfaANPMLk,BuildingElement,Rectangular Mullion:50x150mm:511923,IfcMember,-27.358600818690864,-6.069531340947165,2.1500000000000004
1yuiwzGI5FCPxrfaANPMLf,BuildingElement,Rectangular Mullion:50x150mm:511924,IfcMember,-25.501105307862588,-6.073615120189466,2.1500000000000004
1yuiwzGI5FCPxrfaANPMLe,BuildingElement,Rectangular Mullion:50x150mm:511925,IfcMember,-23.64360979703437,-6.0776988994317644,2.1500000000000004
1yuiwzGI5FCPxrfaANPMLY,BuildingElement,Rectangular Mullion:50x150mm:511935,IfcMember,-26.471102963584507,-6.07148254098891,1.0625
1yuiwzGI5FCPxrfaANPMKT,BuildingElement,Rectangular Mullion:50x150mm:511936,IfcMember,-24.531107652140697,-6.07574769939002,1.0625
1yuiwzGI5FCPxrfaANPMKV,BuildingElement,Rectangular Mullion:50x150mm:511938,IfcMember,-26.471102963584507,-6.07148254098891,3.5025000000000004
1yuiwzGI5FCPxrfaANPMKU,BuildingElement,Rectangular Mullion:50x150mm:511939,IfcMember,-24.531107652140697,-6.07574769939002,3.5025000000000004
1yuiwzGI5FCPxrfaANPNfC,BuildingElement,Rectangular Mullion:50x150mm:512145,IfcMember,-30.473193291382973,-6.062683783031659,4.8549999999999995
1yuiwzGI5FCPxrfaANPNfF,BuildingElement,Rectangular Mullion:50x150mm:512146,IfcMember,-34.151809324472865,-6.054596196435214,4.8549999999999995
1yuiwzGI5FCPxrfaANPNfE,BuildingElement,Rectangular Mullion:50x150mm:512147,IfcMember,-32.312301308411335,-6.058640429440483,4.8549999999999995
1yuiwzGI5FCPxrfaANPNf8,BuildingElement,Rectangular Mullion:50x150mm:512149,IfcMember,-34.16430929426317,-6.0545687147444855,0.025
1yuiwzGI5FCPxrfaANPNfA,BuildingElement,Rectangular Mullion:50x150mm:512151,IfcMember,-30.460693321592753,-6.062711264722383,0.025
1yuiwzGI5FCPxrfaANPNf4,BuildingElement,Rectangular Mullion:50x150mm:512153,IfcMember,-29.561095495729457,-6.064689067040752,1.075
1yuiwzGI5FCPxrfaANPNf7,BuildingElement,Rectangular Mullion:50x150mm:512154,IfcMember,-29.561095495729457,-6.064689067040752,3.5149999999999992
1yuiwzGI5FCPxrfaANPNf0,BuildingElement,Rectangular Mullion:50x150mm:512157,IfcMember,-35.06430711915974,-6.052590033012018,3.5149999999999997
1yuiwzGI5FCPxrfaANPNf3,BuildingElement,Rectangular Mullion:50x150mm:512158,IfcMember,-35.06430711915974,-6.052590033012018,1.075
1yuiwzGI5FCPxrfaANPNfy,BuildingElement,Rectangular Mullion:50x150mm:512161,IfcMember,-34.151809324472865,-6.054596196435214,2.1500000000000004
1yuiwzGI5FCPxrfaANPNf$,BuildingElement,Rectangular Mullion:50x150mm:512162,IfcMember,-32.312301308411335,-6.058640429440483,2.1500000000000004
1yuiwzGI5FCPxrfaANPNf_,BuildingElement,Rectangular Mullion:50x150mm:512163,IfcMember,-30.473193291382973,-6.062683783031659,2.1500000000000004
1yuiwzGI5FCPxrfaANPNfm,BuildingElement,Rectangular Mullion:50x150mm:512173,IfcMember,-33.2643114693665,-6.056547396476959,1.0625
1yuiwzGI5FCPxrfaANPNfp,BuildingElement,Rectangular Mullion:50x150mm:512174,IfcMember,-31.360291147456103,-6.06073346240401,1.0625
1yuiwzGI5FCPxrfaANPNfj,BuildingElement,Rectangular Mullion:50x150mm:512176,IfcMember,-33.2643114693665,-6.056547396476959,3.5025000000000004
1yuiwzGI5FCPxrfaANPNfi,BuildingElement,Rectangular Mullion:50x150mm:512177,IfcMember,-31.360291147456103,-6.06073346240401,3.5025000000000004
1Wg7AH23jBLBf1DmtTnL5M,BuildingElement,System Panel:Glazed:445814,IfcPlate,-12.2616216534994,5.97012807336397,1.0875
1Wg7AH23jBLBf1DmtTnL5U,BuildingElement,System Panel:Glazed:445822,IfcPlate,-15.5266216534994,5.970128073363981,1.0875
1Wg7AH23jBLBf1DmtTnL6W,BuildingElement,System Panel:Glazed:445824,IfcPlate,-12.2616216534994,5.97012807336397,2.7750000000000004
1Wg7AH23jBLBf1DmtTnL6X,BuildingElement,System Panel:Glazed:445825,IfcPlate,-13.894121653499402,5.970128073363981,2.7750000000000004
1Wg7AH23jBLBf1DmtTnL6Z,BuildingElement,System Panel:Glazed:445827,IfcPlate,-15.5266216534994,5.970128073363981,2.7750000000000004
1Wg7AH23jBLBf1DmtTnL6b,BuildingElement,System Panel:Solid:445829,IfcPlate,-13.8941216534994,5.985128073363981,3.6875000000000004
1Wg7AH23jBLBf1DmtTnKd5,BuildingElement,System Panel:Glazed:447973,IfcPlate,8.17837834650058,5.970128073363911,1.0875
1Wg7AH23jBLBf1DmtTnKd9,BuildingElement,System Panel:Glazed:447977,IfcPlate,4.913378346500581,5.97012807336392,1.0875
1Wg7AH23jBLBf1DmtTnKdB,BuildingElement,System Panel:Glazed:447979,IfcPlate,8.17837834650058,5.970128073363911,2.7750000000000004
1Wg7AH23jBLBf1DmtTnKdC,BuildingElement,System Panel:Glazed:447980,IfcPlate,6.54587834650058,5.970128073363911,2.7750000000000004
1Wg7AH23jBLBf1DmtTnKdD,BuildingElement,System Panel:Glazed:447981,IfcPlate,4.913378346500581,5.97012807336392,2.7750000000000004
1Wg7AH23jBLBf1DmtTnKdF,BuildingElement,System Panel:Solid:447983,IfcPlate,6.545878346500579,5.98512807336391,3.6875000000000004
1Wg7AH23jBLBf1DmtTnKgC,BuildingElement,System Panel:Glazed:448172,IfcPlate,13.323878346500598,5.97012807336389,1.0875
1Wg7AH23jBLBf1DmtTnKgG,BuildingElement,System Panel:Glazed:448176,IfcPlate,10.056128346500602,5.970128073363899,1.0875
1Wg7AH23jBLBf1DmtTnKgI,BuildingElement,System Panel:Glazed:448178,IfcPlate,13.323878346500598,5.97012807336389,2.7750000000000004
1Wg7AH23jBLBf1DmtTnKgJ,BuildingElement,System Panel:Glazed:448179,IfcPlate,11.6913783465006,5.97012807336389,2.7750000000000004
1Wg7AH23jBLBf1DmtTnKgK,BuildingElement,System Panel:Glazed:448180,IfcPlate,10.056128346500602,5.970128073363899,2.7750000000000004
1Wg7AH23jBLBf1DmtTnKgM,BuildingElement,System Panel:Solid:448182,IfcPlate,11.688628346500598,5.9851280733638905,3.6875000000000004
1Wg7AH23jBLBf1DmtTnKk2,BuildingElement,System Panel:Glazed:448418,IfcPlate,18.471378346500607,5.97012807336387,1.0875
1Wg7AH23jBLBf1DmtTnKk6,BuildingElement,System Panel:Glazed:448422,IfcPlate,15.203878346500598,5.970128073363879,1.0875
1Wg7AH23jBLBf1DmtTnKk8,BuildingElement,System Panel:Glazed:448424,IfcPlate,18.471378346500607,5.97012807336387,2.7750000000000004
1Wg7AH23jBLBf1DmtTnKk9,BuildingElement,System Panel:Glazed:448425,IfcPlate,16.8413783465006,5.970128073363879,2.7750000000000004
1Wg7AH23jBLBf1DmtTnKkA,BuildingElement,System Panel:Glazed:448426,IfcPlate,15.203878346500598,5.970128073363879,2.7750000000000004
1Wg7AH23jBLBf1DmtTnKkC,BuildingElement,System Panel:Solid:448428,IfcPlate,16.833878346500597,5.985128073363881,3.6875000000000004
2V9H2E8FD8fuBJFUErPq1W,BuildingElement,System Panel:Glazed:450559,IfcPlate,23.576927117858705,5.970128073363861,1.0875
2V9H2E8FD8fuBJFUErPt_S,BuildingElement,System Panel:Glazed:450563,IfcPlate,20.330378346500602,5.97012807336387,1.0875
2V9H2E8FD8fuBJFUErPt_Q,BuildingElement,System Panel:Glazed:450565,IfcPlate,23.576927117858705,5.970128073363861,2.7750000000000004
2V9H2E8FD8fuBJFUErPt_P,BuildingElement,System Panel:Glazed:450566,IfcPlate,21.9494027321797,5.970128073363861,2.7750000000000004
2V9H2E8FD8fuBJFUErPt_O,BuildingElement,System Panel:Glazed:450567,IfcPlate,20.330378346500602,5.97012807336387,2.7750000000000004
2V9H2E8FD8fuBJFUErPt_M,BuildingElement,System Panel:Solid:450569,IfcPlate,21.957902732179697,5.98512807336386,3.6875000000000004
2V9H2E8FD8fuBJFUErPtzN,BuildingElement,System Panel:Glazed:450760,IfcPlate,-17.406621653499403,5.970128073363991,1.0875
2V9H2E8FD8fuBJFUErPtzJ,BuildingElement,System Panel:Glazed:450764,IfcPlate,-20.6816216534994,5.970128073363999,1.0875
2V9H2E8FD8fuBJFUErPtzH,BuildingElement,System Panel:Glazed:450766,IfcPlate,-17.406621653499403,5.970128073363991,2.7750000000000004
2V9H2E8FD8fuBJFUErPtzG,BuildingElement,System Panel:Glazed:450767,IfcPlate,-19.0441216534994,5.970128073363991,2.7750000000000004
2V9H2E8FD8fuBJFUErPtzF,BuildingElement,System Panel:Glazed:450768,IfcPlate,-20.6816216534994,5.970128073363999,2.7750000000000004
2V9H2E8FD8fuBJFUErPtzD,BuildingElement,System Panel:Solid:450770,IfcPlate,-19.0441216534994,5.985128073363991,3.6875000000000004
2V9H2E8FD8fuBJFUErPtuR,BuildingElement,System Panel:Glazed:450948,IfcPlate,-7.136621653499419,5.9701280733639495,1.0875
2V9H2E8FD8fuBJFUErPtuN,BuildingElement,System Panel:Glazed:450952,IfcPlate,-10.391621653499401,5.97012807336397,1.0875
2V9H2E8FD8fuBJFUErPtuL,BuildingElement,System Panel:Glazed:450954,IfcPlate,-7.136621653499419,5.9701280733639495,2.7750000000000004
2V9H2E8FD8fuBJFUErPtuK,BuildingElement,System Panel:Glazed:450955,IfcPlate,-8.764121653499421,5.970128073363961,2.7750000000000004
2V9H2E8FD8fuBJFUErPtuJ,BuildingElement,System Panel:Glazed:450956,IfcPlate,-10.391621653499401,5.97012807336397,2.7750000000000004
2V9H2E8FD8fuBJFUErPtuH,BuildingElement,System Panel:Solid:450958,IfcPlate,-8.764121653499421,5.98512807336396,3.6875000000000004
2V9H2E8FD8fuBJFUErPtsl,BuildingElement,System Panel:Glazed:451120,IfcPlate,-2.00162165349942,5.9701280733639415,1.0875
2V9H2E8FD8fuBJFUErPtsh,BuildingElement,System Panel:Glazed:451124,IfcPlate,-5.26662165349942,5.9701280733639495,1.0875
2V9H2E8FD8fuBJFUErPtsf,BuildingElement,System Panel:Glazed:451126,IfcPlate,-2.00162165349942,5.9701280733639415,2.7750000000000004
2V9H2E8FD8fuBJFUErPtse,BuildingElement,System Panel:Glazed:451127,IfcPlate,-3.63412165349942,5.9701280733639495,2.7750000000000004
2V9H2E8FD8fuBJFUErPtsd,BuildingElement,System Panel:Glazed:451128,IfcPlate,-5.26662165349942,5.9701280733639495,2.7750000000000004
2V9H2E8FD8fuBJFUErPtsb,BuildingElement,System Panel:Solid:451130,IfcPlate,-3.63412165349942,5.985128073363951,3.6875000000000004
1yuiwzGI5FCPxrfaANPMyA,BuildingElement,System Panel:Glazed:509399,IfcPlate,-15.464635775210802,-6.03568070565365,1.0875
1yuiwzGI5FCPxrfaANPMy0,BuildingElement,System Panel:Glazed:509405,IfcPlate,-12.3201073819957,-6.042594078904991,1.0875
1yuiwzGI5FCPxrfaANPMy2,BuildingElement,System Panel:Glazed:509407,IfcPlate,-15.464635775210802,-6.03568070565365,3.502500000000001
1yuiwzGI5FCPxrfaANPMyz,BuildingElement,System Panel:Glazed:509408,IfcPlate,-13.8923715786033,-6.0391373922793194,3.502500000000001
1yuiwzGI5FCPxrfaANPMyy,BuildingElement,System Panel:Glazed:509409,IfcPlate,-12.3201073819957,-6.042594078904991,3.502500000000001
1yuiwzGI5FCPxrfaANPMHJ,BuildingElement,System Panel:Glazed:511630,IfcPlate,-20.5356173083914,-6.024531947014581,1.0875
1yuiwzGI5FCPxrfaANPMH9,BuildingElement,System Panel:Glazed:511636,IfcPlate,-17.440131000858898,-6.031337499250821,1.0875
1yuiwzGI5FCPxrfaANPMHB,BuildingElement,System Panel:Glazed:511638,IfcPlate,-20.5356173083914,-6.024531947014581,3.502500000000001
1yuiwzGI5FCPxrfaANPMHA,BuildingElement,System Panel:Glazed:511639,IfcPlate,-18.9878741546251,-6.0279347231327,3.502500000000001
1yuiwzGI5FCPxrfaANPMH5,BuildingElement,System Panel:Glazed:511640,IfcPlate,-17.440131000858898,-6.031337499250821,3.502500000000001
1yuiwzGI5FCPxrfaANPMLQ,BuildingElement,System Panel:Glazed:511879,IfcPlate,-27.3711007884811,-6.009503859256439,1.0875
1yuiwzGI5FCPxrfaANPMLG,BuildingElement,System Panel:Glazed:511885,IfcPlate,-23.631109827244103,-6.01772638112249,1.0875
1yuiwzGI5FCPxrfaANPMLC,BuildingElement,System Panel:Glazed:511889,IfcPlate,-27.3711007884811,-6.009503859256439,3.502500000000001
1yuiwzGI5FCPxrfaANPMLF,BuildingElement,System Panel:Glazed:511890,IfcPlate,-25.501105307862602,-6.013615120189471,3.502500000000001
1yuiwzGI5FCPxrfaANPMLE,BuildingElement,System Panel:Glazed:511891,IfcPlate,-23.631109827244103,-6.01772638112249,3.502500000000001
1yuiwzGI5FCPxrfaANPNge,BuildingElement,System Panel:Glazed:512117,IfcPlate,-34.1643092942631,-5.99456871474449,1.0875
1yuiwzGI5FCPxrfaANPNgc,BuildingElement,System Panel:Glazed:512123,IfcPlate,-30.460693321592807,-6.002711264722381,1.0875
1yuiwzGI5FCPxrfaANPNgY,BuildingElement,System Panel:Glazed:512127,IfcPlate,-34.1643092942631,-5.99456871474449,3.502500000000001
1yuiwzGI5FCPxrfaANPNfT,BuildingElement,System Panel:Glazed:512128,IfcPlate,-32.31230130841131,-5.998640429440489,3.502500000000001
1yuiwzGI5FCPxrfaANPNfS,BuildingElement,System Panel:Glazed:512129,IfcPlate,-30.460693321592807,-6.002711264722381,3.502500000000001
1G9t$fuZP8tfqabxFuLlO$,Slab,Floor:Floor-Grnd-Susp_65Scr-80Ins-100Blk-75PC:326953,IfcSlab,-4.431346653499434,-3.595492418234357,-0.3
0FsV7REIr6AR3B8qCeeDFi,Slab,Floor:Floor-Grnd-Susp_65Scr-80Ins-100Blk-75PC:454638,IfcSlab,-4.402899700433297,-6.580288633199281,5.18
0jQ0b5jbn7mOgnFhugSwUv,Wall,Basic Wall:Wall-Fnd_440Blk_25:353322,IfcWall,-30.535380968922553,6.134239498864331,2.5433333333333312
1En88zhLD1kfUFjMVyrKB_,Wall,Basic Wall:Cemento:318543,IfcWallStandardCase,22.67405334650055,-6.215538230287749,1.7574999999999947
1En88zhLD1kfUFjMVyrK9e,Wall,Basic Wall:Wall-Ext_22Rdr-100Blk-50Air-30Ins-100LBlk-12P:318681,IfcWallStandardCase,29.78997433243154,6.137378073363808,1.6299999999999937
0FGjhNKyP2GutkS0az2Whw,Wall,Basic Wall:Wall-Ext_102Bwk-75Ins-100Blk-12P_Banding:319451,IfcWallStandardCase,35.59467834650061,-0.22374692663618045,2.74
0gfm$gRNv7SfRTBOuuLnLd,Wall,Basic Wall:Wall-Fnd_440Blk_25:351126,IfcWallStandardCase,-6.344288320166099,-7.3125390361108265,2.44
0gfm$gRNv7SfRTBOuuLnLB,Wall,Basic Wall:Wall-Fnd_440Blk_25:351162,IfcWallStandardCase,-8.913954986832767,-8.0912898419339,1.5299999999999934
0gfm$gRNv7SfRTBOuuLnKX,Wall,Basic Wall:Wall-Fnd_440Blk_25:351184,IfcWallStandardCase,-11.236288320166102,-7.1748837203393165,2.44
0jQ0b5jbn7mOgnFhugSw9Z,Wall,Basic Wall:Wall-Fnd_440Blk_45:352752,IfcWallStandardCase,-35.55575537342506,2.7761617153774383,2.621999999999999
3ceyecY_10bBufh6fSI0Jq,Wall,Basic Wall:Wall-Fnd_440Blk_25:363242,IfcWallStandardCase,-11.38412165349942,6.0911280733639295,4.74
1xfBQuPpLCNftws6qIFxD8,Wall,Basic Wall:Wall-Fnd_440Blk_25:441981,IfcWallStandardCase,13.985152732179603,6.0911280733638495,4.74
0I6g0xYhjCSReVDrs7L0AH,Wall,Basic Wall:Cemento:459230,IfcWallStandardCase,1.4633783465005799,6.122378073363921,2.74
302csbDJH2UgGgw2liP4QB,Wall,Basic Wall:Cemento:506854,IfcWallStandardCase,-11.312845609809585,-6.212058843977914,2.44
302csbDJH2UgGgw2liP4Q5,Wall,Basic Wall:Cemento:506856,IfcWallStandardCase,-16.464869151335748,-6.200731911195532,2.44
302csbDJH2UgGgw2liP41y,Wall,Basic Wall:Cemento:507153,IfcWallStandardCase,-35.27721379355667,-6.159372208250812,2.44
302csbDJH2UgGgw2liP41$,Wall,Basic Wall:Cemento:507154,IfcWallStandardCase,-28.916332847460037,-6.17335686308254,2.44
302csbDJH2UgGgw2liP41_,Wall,Basic Wall:Cemento:507155,IfcWallStandardCase,-21.931349728679187,-6.188713631861794,2.44
2cK9GlY8fBn98$0IRrgwLU,BuildingElement,Basic Wall:Wall-Fnd_440Blk_45:352752,IfcOpeningElement,-34.62320050790146,6.134239498864373,1.075
3lB7ux_6X6lA8nOhv2eC7X,BuildingElement,Door_T51:Door_T51:324669:1,IfcOpeningElement,30.96217834650055,-6.215538230287873,1.07499999999999
3lB7ux_6X6lA8nOhv2eCc5,BuildingElement,Door_T34:Left:326745:1,IfcOpeningElement,27.244441918614346,6.1373780733638394,1.07499999999999
3lB7ux_6X6lA8nOhv2eCb4,BuildingElement,Door_T34:Right:326808:1,IfcOpeningElement,32.0971783465006,6.137378073363824,1.07499999999999
2RSbNzzRPBoAVn2nJp1PwL,BuildingElement,Door_F218:Door_F218:553575:1,IfcOpeningElement,-7.765288320166102,-8.0912898419339,1.07499999999999
2vu_tmwqX5LRNohnWBn0Z4,BuildingElement,Door_F218:Door_F218:590849:1,IfcOpeningElement,-10.050288320166102,-8.0912898419339,1.07499999999999
0I6g0xYhjCSReVDqw7L0vs,BuildingElement,Door_T53:Door_T53:462137:1,IfcOpeningElement,-34.6232005079015,6.13423949886433,1.07499999999999
39ULPT5Tz6zBiCmY6HvMCY,Building,Unnamed,IfcBuilding,,,
39ULPT5Tz6zBiCmY5k6fta,Storey,Level 0,IfcBuildingStorey,,,
39ULPT5Tz6zBiCmY5k7nIu,Storey,Level 1a,IfcBuildingStorey,,,
39ULPT5Tz6zBiCmY5k6fvb,Storey,Level 1,IfcBuildingStorey,,,
39ULPT5Tz6zBiCmY6HvMCX,BuildingElement,Default,IfcSite,,,
